Path;SteerAngle;Throttle;Brake;Speed;X_Position;Y_Position;Pitch;Yaw;Roll
/home/mkhuthir/RoboND-Rover-Project/rec1_dataset/IMG/robocam_2018_01_14_20_34_33_875.jpg;0;0;1;0;99.66999;85.58897;0.0002346028;57.11693;5.219163E-07
/home/mkhuthir/RoboND-Rover-Project/rec1_dataset/IMG/robocam_2018_01_14_20_34_33_885.jpg;0;0;0;0;99.66999;85.58897;0.0002347539;57.11693;1.012892E-08
/home/mkhuthir/RoboND-Rover-Project/rec1_dataset/IMG/robocam_2018_01_14_20_34_33_950.jpg;0;0;0;0;99.66999;85.58897;0.0002348143;57.11693;-1.94586E-07
/home/mkhuthir/RoboND-Rover-Project/rec1_dataset/IMG/robocam_2018_01_14_20_34_34_012.jpg;0;0;0;0;99.66999;85.58897;0.0002348596;57.11693;-3.481223E-07
/home/mkhuthir/RoboND-Rover-Project/rec1_dataset/IMG/robocam_2018_01_14_20_34_34_072.jpg;0;0;0;0;99.66999;85.58897;0.0002349049;57.11693;-5.016585E-07
/home/mkhuthir/RoboND-Rover-Project/rec1_dataset/IMG/robocam_2018_01_14_20_34_34_138.jpg;0;0;0;0;99.66999;85.58897;0.00023492;57.11693;-5.528372E-07
/home/mkhuthir/RoboND-Rover-Project/rec1_dataset/IMG/robocam_2018_01_14_20_34_34_193.jpg;0;0;0;0;99.66999;85.58897;0.00023492;57.11693;-5.528372E-07
/home/mkhuthir/RoboND-Rover-Project/rec1_dataset/IMG/robocam_2018_01_14_20_34_34_252.jpg;0;0;0;0;99.66999;85.58897;0.00023492;57.11693;-5.528372E-07
/home/mkhuthir/RoboND-Rover-Project/rec1_dataset/IMG/robocam_2018_01_14_20_34_34_318.jpg;0;0;0;0;99.66999;85.58897;0.00023492;57.11693;-5.528372E-07
/home/mkhuthir/RoboND-Rover-Project/rec1_dataset/IMG/robocam_2018_01_14_20_34_34_408.jpg;0;0;0;0;99.66999;85.58897;0.00023492;57.11693;-5.528372E-07
/home/mkhuthir/RoboND-Rover-Project/rec1_dataset/IMG/robocam_2018_01_14_20_34_34_468.jpg;0;0;0;0;99.66999;85.58897;0.00023492;57.11693;-5.528372E-07
/home/mkhuthir/RoboND-Rover-Project/rec1_dataset/IMG/robocam_2018_01_14_20_34_34_528.jpg;0;0;0;0;99.66999;85.58897;0.00023492;57.11693;-5.528372E-07
/home/mkhuthir/RoboND-Rover-Project/rec1_dataset/IMG/robocam_2018_01_14_20_34_34_589.jpg;0;0;0;0;99.66999;85.58897;0.00023492;57.11693;-5.528372E-07
/home/mkhuthir/RoboND-Rover-Project/rec1_dataset/IMG/robocam_2018_01_14_20_34_34_655.jpg;0;0;0;0;99.66999;85.58897;0.0002348596;57.11693;-3.481223E-07
/home/mkhuthir/RoboND-Rover-Project/rec1_dataset/IMG/robocam_2018_01_14_20_34_34_711.jpg;0;0;0;0;99.66999;85.58897;0.0002348143;57.11693;-1.94586E-07
/home/mkhuthir/RoboND-Rover-Project/rec1_dataset/IMG/robocam_2018_01_14_20_34_34_770.jpg;0;0;0;0;99.66999;85.58897;0.000234769;57.11693;-4.104982E-08
/home/mkhuthir/RoboND-Rover-Project/rec1_dataset/IMG/robocam_2018_01_14_20_34_34_851.jpg;0;0;0;0;99.66999;85.58897;0.0002347086;57.11693;1.636651E-07
/home/mkhuthir/RoboND-Rover-Project/rec1_dataset/IMG/robocam_2018_01_14_20_34_34_891.jpg;0;0;0;0;99.66999;85.58897;0.0002346783;57.11693;2.660226E-07
/home/mkhuthir/RoboND-Rover-Project/rec1_dataset/IMG/robocam_2018_01_14_20_34_34_952.jpg;0;0;0;0;99.66999;85.58897;0.000234633;57.11693;4.195588E-07
/home/mkhuthir/RoboND-Rover-Project/rec1_dataset/IMG/robocam_2018_01_14_20_34_35_042.jpg;0;0;0;0;99.66999;85.58897;0.0002345726;57.11693;6.242803E-07
/home/mkhuthir/RoboND-Rover-Project/rec1_dataset/IMG/robocam_2018_01_14_20_34_35_102.jpg;0;0;0;0;99.66999;85.58897;0.0002345273;57.11693;7.778165E-07
/home/mkhuthir/RoboND-Rover-Project/rec1_dataset/IMG/robocam_2018_01_14_20_34_35_196.jpg;0;0.09413409;0;0;99.67035;85.58953;0.01517448;57.1032;2.40499E-06
/home/mkhuthir/RoboND-Rover-Project/rec1_dataset/IMG/robocam_2018_01_14_20_34_35_256.jpg;0;0.3759391;0;0.01346128;99.67106;85.59064;0.04206395;57.08503;3.717668E-05
/home/mkhuthir/RoboND-Rover-Project/rec1_dataset/IMG/robocam_2018_01_14_20_34_35_320.jpg;0;0.5566077;0;0.03474453;99.67294;85.59355;0.1131411;56.94942;0.0003943274
/home/mkhuthir/RoboND-Rover-Project/rec1_dataset/IMG/robocam_2018_01_14_20_34_35_382.jpg;0;0.7573049;0;0.06433742;99.67628;85.59869;0.2339572;57.00499;0.0001305417
/home/mkhuthir/RoboND-Rover-Project/rec1_dataset/IMG/robocam_2018_01_14_20_34_35_440.jpg;0;0.9236398;0;0.1029659;99.68163;85.60689;0.420699;56.82415;0.001264593
/home/mkhuthir/RoboND-Rover-Project/rec1_dataset/IMG/robocam_2018_01_14_20_34_35_499.jpg;0;1;0;0.1387671;99.68906;85.6181;0.6425498;56.80613;-0.001242465
/home/mkhuthir/RoboND-Rover-Project/rec1_dataset/IMG/robocam_2018_01_14_20_34_35_558.jpg;0;1;0;0.1940756;99.6983;85.63225;0.8904846;56.95525;-0.001166796
/home/mkhuthir/RoboND-Rover-Project/rec1_dataset/IMG/robocam_2018_01_14_20_34_35_620.jpg;0;1;0;0.23469;99.7093;85.64904;1.15069;56.94806;3.191622E-05
/home/mkhuthir/RoboND-Rover-Project/rec1_dataset/IMG/robocam_2018_01_14_20_34_35_686.jpg;0;1;0;0.3038466;99.72071;85.66653;1.317037;56.97469;-0.001976928
/home/mkhuthir/RoboND-Rover-Project/rec1_dataset/IMG/robocam_2018_01_14_20_34_35_752.jpg;0;1;0;0.3673179;99.7356;85.68999;1.202065;56.85963;-0.0005035972
/home/mkhuthir/RoboND-Rover-Project/rec1_dataset/IMG/robocam_2018_01_14_20_34_35_805.jpg;0;1;0;0.4205558;99.74441;85.70343;1.136333;56.80917;0.0005923687
/home/mkhuthir/RoboND-Rover-Project/rec1_dataset/IMG/robocam_2018_01_14_20_34_35_871.jpg;0;1;0;0.4708248;99.76508;85.73472;1.093683;56.76682;-0.001644641
/home/mkhuthir/RoboND-Rover-Project/rec1_dataset/IMG/robocam_2018_01_14_20_34_35_938.jpg;0;1;0;0.5085662;99.7827;85.76144;1.11443;56.76793;-0.0003015191
/home/mkhuthir/RoboND-Rover-Project/rec1_dataset/IMG/robocam_2018_01_14_20_34_35_992.jpg;0;1;0;0.5768598;99.80247;85.79139;1.181349;56.77444;-0.0008531279
/home/mkhuthir/RoboND-Rover-Project/rec1_dataset/IMG/robocam_2018_01_14_20_34_36_053.jpg;0;1;0;0.6103597;99.82354;85.82336;1.23071;56.81242;-0.001363017
/home/mkhuthir/RoboND-Rover-Project/rec1_dataset/IMG/robocam_2018_01_14_20_34_36_132.jpg;0;1;0;0.6664198;99.85377;85.86925;1.229069;56.89879;-0.001241726
/home/mkhuthir/RoboND-Rover-Project/rec1_dataset/IMG/robocam_2018_01_14_20_34_36_177.jpg;0;1;0;0.7131088;99.86965;85.89337;1.199772;56.90277;-0.000761733
/home/mkhuthir/RoboND-Rover-Project/rec1_dataset/IMG/robocam_2018_01_14_20_34_36_239.jpg;0;1;0;0.7616231;99.89538;85.93257;1.195905;56.96867;-0.0005933151
/home/mkhuthir/RoboND-Rover-Project/rec1_dataset/IMG/robocam_2018_01_14_20_34_36_304.jpg;0;1;0;0.8111778;99.92269;85.97417;1.20033;56.98516;-0.0009793597
/home/mkhuthir/RoboND-Rover-Project/rec1_dataset/IMG/robocam_2018_01_14_20_34_36_359.jpg;0;1;0;0.8828695;99.95177;86.01851;1.208501;57.01324;-0.001374348
/home/mkhuthir/RoboND-Rover-Project/rec1_dataset/IMG/robocam_2018_01_14_20_34_36_419.jpg;0;1;0;0.9261452;99.98254;86.06552;1.21756;56.96989;-0.0007686231
/home/mkhuthir/RoboND-Rover-Project/rec1_dataset/IMG/robocam_2018_01_14_20_34_36_498.jpg;0;1;0;0.9864914;100.0261;86.13199;1.221651;56.96061;-0.0008674978
/home/mkhuthir/RoboND-Rover-Project/rec1_dataset/IMG/robocam_2018_01_14_20_34_36_542.jpg;0;1;0;1.029382;100.0489;86.16673;1.217776;56.95575;-0.0008417707
/home/mkhuthir/RoboND-Rover-Project/rec1_dataset/IMG/robocam_2018_01_14_20_34_36_602.jpg;0;1;0;1.074944;100.0843;86.22069;1.215015;56.92628;-0.0002970999
/home/mkhuthir/RoboND-Rover-Project/rec1_dataset/IMG/robocam_2018_01_14_20_34_36_662.jpg;-3.125203;1;0;1.122771;100.1218;86.27676;1.218018;56.76176;0.0001682314
/home/mkhuthir/RoboND-Rover-Project/rec1_dataset/IMG/robocam_2018_01_14_20_34_36_723.jpg;-5.499269;1;0;1.175365;100.1622;86.3346;1.228335;56.43072;0.0007713216
/home/mkhuthir/RoboND-Rover-Project/rec1_dataset/IMG/robocam_2018_01_14_20_34_36_785.jpg;-8.294978;1;0;1.215632;100.2052;86.39344;1.223882;55.88318;0.002033913
/home/mkhuthir/RoboND-Rover-Project/rec1_dataset/IMG/robocam_2018_01_14_20_34_36_849.jpg;-11.27627;1;0;1.262557;100.2515;86.45329;1.217587;55.09211;-0.002406558
/home/mkhuthir/RoboND-Rover-Project/rec1_dataset/IMG/robocam_2018_01_14_20_34_36_907.jpg;-13.77716;1;0;1.304685;100.3016;86.51371;1.215973;54.02624;359.9703
/home/mkhuthir/RoboND-Rover-Project/rec1_dataset/IMG/robocam_2018_01_14_20_34_36_967.jpg;-15;1;0;1.352333;100.355;86.57428;1.200338;52.70982;359.935
/home/mkhuthir/RoboND-Rover-Project/rec1_dataset/IMG/robocam_2018_01_14_20_34_37_016.jpg;-15;1;0;1.363243;100.4115;86.63538;1.162485;51.34653;359.9155
/home/mkhuthir/RoboND-Rover-Project/rec1_dataset/IMG/robocam_2018_01_14_20_34_37_056.jpg;-15;1;0;1.412432;100.451;86.67632;1.137035;50.4138;359.8963
/home/mkhuthir/RoboND-Rover-Project/rec1_dataset/IMG/robocam_2018_01_14_20_34_37_115.jpg;-15;1;0;1.455154;100.5132;86.7382;1.104735;48.98349;359.8593
/home/mkhuthir/RoboND-Rover-Project/rec1_dataset/IMG/robocam_2018_01_14_20_34_37_175.jpg;-15;1;0;1.50029;100.5787;86.80043;1.071208;47.51887;359.8206
/home/mkhuthir/RoboND-Rover-Project/rec1_dataset/IMG/robocam_2018_01_14_20_34_37_235.jpg;-15;1;0;1.544658;100.6476;86.86272;1.029466;46.02148;359.7819
/home/mkhuthir/RoboND-Rover-Project/rec1_dataset/IMG/robocam_2018_01_14_20_34_37_300.jpg;-15;1;0;1.589027;100.7199;86.92491;0.980297;44.49494;359.7427
/home/mkhuthir/RoboND-Rover-Project/rec1_dataset/IMG/robocam_2018_01_14_20_34_37_349.jpg;-15;1;0;1.61854;100.7702;86.9662;0.9477141;43.45915;359.7107
/home/mkhuthir/RoboND-Rover-Project/rec1_dataset/IMG/robocam_2018_01_14_20_34_37_417.jpg;-11.02191;1;0;1.679656;100.8746;87.05054;0.9050636;41.68705;359.6759
/home/mkhuthir/RoboND-Rover-Project/rec1_dataset/IMG/robocam_2018_01_14_20_34_37_476.jpg;-8.342929;1;0;1.726059;100.956;87.11555;0.8939423;40.64228;359.6794
/home/mkhuthir/RoboND-Rover-Project/rec1_dataset/IMG/robocam_2018_01_14_20_34_37_536.jpg;-5.70386;1;0;1.772235;101.04;87.18244;0.9044338;39.8664;359.7126
/home/mkhuthir/RoboND-Rover-Project/rec1_dataset/IMG/robocam_2018_01_14_20_34_37_629.jpg;-3.029956;1;0;1.818496;101.1562;87.27519;0.985253;39.24937;359.7794
/home/mkhuthir/RoboND-Rover-Project/rec1_dataset/IMG/robocam_2018_01_14_20_34_37_688.jpg;0;1;0;1.892171;101.2454;87.34824;1.086625;39.14692;359.8687
/home/mkhuthir/RoboND-Rover-Project/rec1_dataset/IMG/robocam_2018_01_14_20_34_37_752.jpg;0;1;0;1.935995;101.3679;87.44894;1.263517;39.15446;-0.002458932
/home/mkhuthir/RoboND-Rover-Project/rec1_dataset/IMG/robocam_2018_01_14_20_34_37_836.jpg;0;1;0;1.979594;101.4942;87.55002;1.351636;39.12529;-0.00170514
/home/mkhuthir/RoboND-Rover-Project/rec1_dataset/IMG/robocam_2018_01_14_20_34_37_901.jpg;0;1;0;2.058408;101.5899;87.62704;1.311809;39.11444;-0.001134749
/home/mkhuthir/RoboND-Rover-Project/rec1_dataset/IMG/robocam_2018_01_14_20_34_37_961.jpg;0;1;0;2.104568;101.6879;87.70599;1.282969;39.10141;-0.0005970441
/home/mkhuthir/RoboND-Rover-Project/rec1_dataset/IMG/robocam_2018_01_14_20_34_38_019.jpg;0;1;0;2.147864;101.7884;87.78701;1.294452;39.08812;-0.0006585876
/home/mkhuthir/RoboND-Rover-Project/rec1_dataset/IMG/robocam_2018_01_14_20_34_38_077.jpg;2.621655;1;0;2.176681;101.8905;87.87047;1.315613;39.24843;-0.0021564
/home/mkhuthir/RoboND-Rover-Project/rec1_dataset/IMG/robocam_2018_01_14_20_34_38_135.jpg;5.30527;1;0;2.219237;101.9927;87.95701;1.306994;39.73145;0.003795424
/home/mkhuthir/RoboND-Rover-Project/rec1_dataset/IMG/robocam_2018_01_14_20_34_38_223.jpg;7.934843;1;0;2.262616;102.1286;88.0785;1.279874;40.89324;0.04827224
/home/mkhuthir/RoboND-Rover-Project/rec1_dataset/IMG/robocam_2018_01_14_20_34_38_286.jpg;12.03178;1;0;2.330226;102.2287;88.17453;1.215409;42.20734;0.1076584
/home/mkhuthir/RoboND-Rover-Project/rec1_dataset/IMG/robocam_2018_01_14_20_34_38_345.jpg;14.63832;1;0;2.369498;102.3262;88.27544;1.106401;43.90012;0.2071736
/home/mkhuthir/RoboND-Rover-Project/rec1_dataset/IMG/robocam_2018_01_14_20_34_38_404.jpg;15;1;0;2.407988;102.4209;88.38118;0.9589139;45.83054;0.3448184
/home/mkhuthir/RoboND-Rover-Project/rec1_dataset/IMG/robocam_2018_01_14_20_34_38_471.jpg;15;1;0;2.447376;102.5433;88.5289;0.7074172;48.48941;0.5542706
/home/mkhuthir/RoboND-Rover-Project/rec1_dataset/IMG/robocam_2018_01_14_20_34_38_559.jpg;13.69774;1;0;2.487371;102.6615;88.68446;0.4257272;51.05141;0.7884248
/home/mkhuthir/RoboND-Rover-Project/rec1_dataset/IMG/robocam_2018_01_14_20_34_38_620.jpg;9.64158;1;0;2.556899;102.7493;88.80534;0.2160975;52.63276;0.9336417
/home/mkhuthir/RoboND-Rover-Project/rec1_dataset/IMG/robocam_2018_01_14_20_34_38_704.jpg;6.944822;1;0;2.59945;102.8665;88.97255;359.9938;54.20085;1.092112
/home/mkhuthir/RoboND-Rover-Project/rec1_dataset/IMG/robocam_2018_01_14_20_34_38_745.jpg;3.666937;1;0;2.63988;102.9267;89.05872;359.96;54.71664;1.115341
/home/mkhuthir/RoboND-Rover-Project/rec1_dataset/IMG/robocam_2018_01_14_20_34_38_804.jpg;1.381974;1;0;2.679517;103.0192;89.19113;0.007389438;55.17969;1.073449
/home/mkhuthir/RoboND-Rover-Project/rec1_dataset/IMG/robocam_2018_01_14_20_34_38_866.jpg;0;1;0;2.721704;103.1135;89.32586;0.07507514;55.313;0.9782059
/home/mkhuthir/RoboND-Rover-Project/rec1_dataset/IMG/robocam_2018_01_14_20_34_38_926.jpg;-1.394062;1;0;2.762984;103.2095;89.46358;0.1980859;55.30914;0.8645158
/home/mkhuthir/RoboND-Rover-Project/rec1_dataset/IMG/robocam_2018_01_14_20_34_38_990.jpg;-4.162778;1;0;2.802665;103.3432;89.64962;0.4401567;54.8152;0.6260142
/home/mkhuthir/RoboND-Rover-Project/rec1_dataset/IMG/robocam_2018_01_14_20_34_39_051.jpg;-6.899264;1;0;2.841296;103.4488;89.78974;0.6716793;54.00631;0.3683832
/home/mkhuthir/RoboND-Rover-Project/rec1_dataset/IMG/robocam_2018_01_14_20_34_39_112.jpg;-10.02838;1;0;2.878267;103.56;89.92899;0.9381037;52.75079;0.02969818
/home/mkhuthir/RoboND-Rover-Project/rec1_dataset/IMG/robocam_2018_01_14_20_34_39_173.jpg;-12.52575;1;0;2.913609;103.6755;90.06599;1.143984;51.11099;359.6872
/home/mkhuthir/RoboND-Rover-Project/rec1_dataset/IMG/robocam_2018_01_14_20_34_39_235.jpg;-15;1;0;2.944728;103.7939;90.19855;1.184819;49.06615;359.4073
/home/mkhuthir/RoboND-Rover-Project/rec1_dataset/IMG/robocam_2018_01_14_20_34_39_299.jpg;-15;1;0;2.978546;103.9155;90.32541;1.036117;46.80849;359.1809
/home/mkhuthir/RoboND-Rover-Project/rec1_dataset/IMG/robocam_2018_01_14_20_34_39_359.jpg;-13.67313;1;0;2.995865;104.0405;90.44685;0.7169574;44.60018;358.9993
/home/mkhuthir/RoboND-Rover-Project/rec1_dataset/IMG/robocam_2018_01_14_20_34_39_420.jpg;-10.93749;1;0;3.024443;104.168;90.56432;0.2516518;42.71302;358.8881
/home/mkhuthir/RoboND-Rover-Project/rec1_dataset/IMG/robocam_2018_01_14_20_34_39_490.jpg;-8.161311;1;0;3.105064;104.3483;90.72041;359.7513;40.61647;358.8179
/home/mkhuthir/RoboND-Rover-Project/rec1_dataset/IMG/robocam_2018_01_14_20_34_39_544.jpg;-5.312226;1;0;3.133982;104.4433;90.80091;359.7061;39.97757;358.8817
/home/mkhuthir/RoboND-Rover-Project/rec1_dataset/IMG/robocam_2018_01_14_20_34_39_602.jpg;-2.693489;1;0;3.15946;104.5909;90.92408;359.8503;39.35849;359.0678
/home/mkhuthir/RoboND-Rover-Project/rec1_dataset/IMG/robocam_2018_01_14_20_34_39_666.jpg;0;1;0;3.213623;104.7437;91.04814;0.08662132;38.98611;359.2094
/home/mkhuthir/RoboND-Rover-Project/rec1_dataset/IMG/robocam_2018_01_14_20_34_39_722.jpg;0;1;0;3.252514;104.8984;91.17395;0.3323667;38.89849;359.3846
/home/mkhuthir/RoboND-Rover-Project/rec1_dataset/IMG/robocam_2018_01_14_20_34_39_779.jpg;0;1;0;3.291587;105.0556;91.30122;0.6057689;38.88313;359.557
/home/mkhuthir/RoboND-Rover-Project/rec1_dataset/IMG/robocam_2018_01_14_20_34_39_838.jpg;0;1;0;3.317523;105.2149;91.43014;0.8959739;38.89314;359.732
/home/mkhuthir/RoboND-Rover-Project/rec1_dataset/IMG/robocam_2018_01_14_20_34_39_895.jpg;0;1;0;3.356449;105.3759;91.56077;1.193179;38.9172;359.9092
/home/mkhuthir/RoboND-Rover-Project/rec1_dataset/IMG/robocam_2018_01_14_20_34_39_954.jpg;0;1;0;3.395306;105.5392;91.69166;1.464528;38.91095;0.003379433
/home/mkhuthir/RoboND-Rover-Project/rec1_dataset/IMG/robocam_2018_01_14_20_34_40_021.jpg;0;1;0;3.429648;105.7013;91.81987;1.450654;38.91077;-0.002716831
/home/mkhuthir/RoboND-Rover-Project/rec1_dataset/IMG/robocam_2018_01_14_20_34_40_073.jpg;0;1;0;3.484457;105.8647;91.94992;1.381733;38.90461;-0.0007837787
/home/mkhuthir/RoboND-Rover-Project/rec1_dataset/IMG/robocam_2018_01_14_20_34_40_132.jpg;0;1;0;3.523382;106.0301;92.08192;1.344097;38.8825;-0.0008698077
/home/mkhuthir/RoboND-Rover-Project/rec1_dataset/IMG/robocam_2018_01_14_20_34_40_188.jpg;0;1;0;3.561945;106.1415;92.17095;1.335308;38.86635;-0.0009194972
/home/mkhuthir/RoboND-Rover-Project/rec1_dataset/IMG/robocam_2018_01_14_20_34_40_244.jpg;0;1;0;3.600426;106.3105;92.30592;1.343131;38.84222;-0.0009923576
/home/mkhuthir/RoboND-Rover-Project/rec1_dataset/IMG/robocam_2018_01_14_20_34_40_301.jpg;0;1;0;3.638837;106.4816;92.44253;1.371995;38.81836;-0.001055513
/home/mkhuthir/RoboND-Rover-Project/rec1_dataset/IMG/robocam_2018_01_14_20_34_40_362.jpg;0;1;0;3.677182;106.6548;92.58069;1.417336;38.79438;-0.001105602
/home/mkhuthir/RoboND-Rover-Project/rec1_dataset/IMG/robocam_2018_01_14_20_34_40_418.jpg;0;1;0;3.702314;106.8296;92.71996;1.440154;38.77112;-0.001710115
/home/mkhuthir/RoboND-Rover-Project/rec1_dataset/IMG/robocam_2018_01_14_20_34_40_485.jpg;0;1;0;3.755245;107.0059;92.86034;1.435135;38.75014;-0.001772617
/home/mkhuthir/RoboND-Rover-Project/rec1_dataset/IMG/robocam_2018_01_14_20_34_40_535.jpg;0;1;0;3.794598;107.1841;93.00209;1.42914;38.7342;-0.001149163
/home/mkhuthir/RoboND-Rover-Project/rec1_dataset/IMG/robocam_2018_01_14_20_34_40_592.jpg;0;1;0;3.81982;107.3642;93.14533;1.435288;38.71262;-0.001251278
/home/mkhuthir/RoboND-Rover-Project/rec1_dataset/IMG/robocam_2018_01_14_20_34_40_650.jpg;0;1;0;3.8575;107.5462;93.28989;1.437436;38.69217;-0.001268466
/home/mkhuthir/RoboND-Rover-Project/rec1_dataset/IMG/robocam_2018_01_14_20_34_40_706.jpg;0;1;0;3.895761;107.6686;93.38703;1.439658;38.67883;-0.001274072
/home/mkhuthir/RoboND-Rover-Project/rec1_dataset/IMG/robocam_2018_01_14_20_34_40_764.jpg;0;1;0;3.934276;107.8537;93.53385;1.442964;38.65726;-0.001663785
/home/mkhuthir/RoboND-Rover-Project/rec1_dataset/IMG/robocam_2018_01_14_20_34_40_821.jpg;0;1;0;3.972286;108.0406;93.68204;1.446489;38.63809;-0.001193476
/home/mkhuthir/RoboND-Rover-Project/rec1_dataset/IMG/robocam_2018_01_14_20_34_40_879.jpg;0;1;0;3.996755;108.2293;93.83154;1.448121;38.61681;-0.001304769
/home/mkhuthir/RoboND-Rover-Project/rec1_dataset/IMG/robocam_2018_01_14_20_34_40_934.jpg;0;1;0;4.034936;108.4199;93.98238;1.451665;38.59401;-0.001804069
/home/mkhuthir/RoboND-Rover-Project/rec1_dataset/IMG/robocam_2018_01_14_20_34_40_994.jpg;0;1;0;4.084582;108.6122;94.13456;1.454099;38.57406;-0.001325483
/home/mkhuthir/RoboND-Rover-Project/rec1_dataset/IMG/robocam_2018_01_14_20_34_41_048.jpg;-2.265791;1;0;4.109859;108.7418;94.23647;1.457904;38.49216;-0.001285505
/home/mkhuthir/RoboND-Rover-Project/rec1_dataset/IMG/robocam_2018_01_14_20_34_41_103.jpg;-4.71703;1;0;4.146323;108.9385;94.38913;1.461463;38.11341;1.996345E-05
/home/mkhuthir/RoboND-Rover-Project/rec1_dataset/IMG/robocam_2018_01_14_20_34_41_188.jpg;-7.344532;1;0;4.183439;109.2057;94.59088;1.437379;37.08004;0.0007946864
/home/mkhuthir/RoboND-Rover-Project/rec1_dataset/IMG/robocam_2018_01_14_20_34_41_248.jpg;-11.34036;1;0;4.229009;109.4115;94.73839;1.397749;35.80048;359.9387
/home/mkhuthir/RoboND-Rover-Project/rec1_dataset/IMG/robocam_2018_01_14_20_34_41_301.jpg;-13.6413;1;0;4.260011;109.6213;94.88058;1.265885;34.04871;359.8257
/home/mkhuthir/RoboND-Rover-Project/rec1_dataset/IMG/robocam_2018_01_14_20_34_41_363.jpg;-15;1;0;4.294023;109.8361;95.01551;1.039852;31.91492;359.6347
/home/mkhuthir/RoboND-Rover-Project/rec1_dataset/IMG/robocam_2018_01_14_20_34_41_413.jpg;-15;1;0;4.313636;110.0555;95.14273;0.7229756;29.62561;359.3732
/home/mkhuthir/RoboND-Rover-Project/rec1_dataset/IMG/robocam_2018_01_14_20_34_41_467.jpg;-15;1;0;4.341857;110.2042;95.22311;0.4593153;28.07235;359.1694
/home/mkhuthir/RoboND-Rover-Project/rec1_dataset/IMG/robocam_2018_01_14_20_34_41_528.jpg;-12.18202;1;0;4.373642;110.4311;95.33727;0.02136056;25.89872;358.8155
/home/mkhuthir/RoboND-Rover-Project/rec1_dataset/IMG/robocam_2018_01_14_20_34_41_579.jpg;-9.924852;1;0;4.394717;110.6646;95.45024;359.8109;24.22553;358.6363
/home/mkhuthir/RoboND-Rover-Project/rec1_dataset/IMG/robocam_2018_01_14_20_34_41_635.jpg;-7.470739;1;0;4.405791;110.9038;95.56209;359.8102;23.00124;358.6589
/home/mkhuthir/RoboND-Rover-Project/rec1_dataset/IMG/robocam_2018_01_14_20_34_41_720.jpg;-4.764208;1;0;4.427888;111.2337;95.70634;0.07717843;21.69416;358.8938
/home/mkhuthir/RoboND-Rover-Project/rec1_dataset/IMG/robocam_2018_01_14_20_34_41_777.jpg;-0.8701873;1;0;4.497789;111.4853;95.80841;0.1763515;21.06528;359.0394
/home/mkhuthir/RoboND-Rover-Project/rec1_dataset/IMG/robocam_2018_01_14_20_34_41_832.jpg;0;1;0;4.522286;111.74;95.90852;0.2727967;20.8017;359.1655
/home/mkhuthir/RoboND-Rover-Project/rec1_dataset/IMG/robocam_2018_01_14_20_34_41_885.jpg;0;1;0;4.557652;111.9116;95.97468;0.3537693;20.73228;359.2352
/home/mkhuthir/RoboND-Rover-Project/rec1_dataset/IMG/robocam_2018_01_14_20_34_41_939.jpg;0;1;0;4.592119;112.1714;96.07401;0.5005863;20.69544;359.3372
/home/mkhuthir/RoboND-Rover-Project/rec1_dataset/IMG/robocam_2018_01_14_20_34_42_000.jpg;0;1;0;4.615089;112.4334;96.17401;0.6667618;20.69791;359.4523
/home/mkhuthir/RoboND-Rover-Project/rec1_dataset/IMG/robocam_2018_01_14_20_34_42_052.jpg;0;1;0;4.638217;112.6978;96.27481;0.8505992;20.7159;359.5769
/home/mkhuthir/RoboND-Rover-Project/rec1_dataset/IMG/robocam_2018_01_14_20_34_42_112.jpg;0;1;0;4.683538;112.9641;96.3766;1.038233;20.74727;359.7176
/home/mkhuthir/RoboND-Rover-Project/rec1_dataset/IMG/robocam_2018_01_14_20_34_42_167.jpg;0;1;0;4.718345;113.1427;96.44497;1.168035;20.77105;359.8127
/home/mkhuthir/RoboND-Rover-Project/rec1_dataset/IMG/robocam_2018_01_14_20_34_42_227.jpg;0;1;0;4.752491;113.4122;96.54839;1.365576;20.81265;359.9605
/home/mkhuthir/RoboND-Rover-Project/rec1_dataset/IMG/robocam_2018_01_14_20_34_42_279.jpg;0;1;0;4.786742;113.6839;96.65076;1.53735;20.8024;-0.002144651
/home/mkhuthir/RoboND-Rover-Project/rec1_dataset/IMG/robocam_2018_01_14_20_34_42_333.jpg;0;1;0;4.811234;113.9555;96.75242;1.553664;20.78365;-0.00289888
/home/mkhuthir/RoboND-Rover-Project/rec1_dataset/IMG/robocam_2018_01_14_20_34_42_388.jpg;0;1;0;4.838843;114.1367;96.82023;1.496521;20.76967;-0.002043351
/home/mkhuthir/RoboND-Rover-Project/rec1_dataset/IMG/robocam_2018_01_14_20_34_42_444.jpg;0;1;0;4.887288;114.4103;96.9225;1.417427;20.74101;-0.001315908
/home/mkhuthir/RoboND-Rover-Project/rec1_dataset/IMG/robocam_2018_01_14_20_34_42_499.jpg;0;1;0;4.921381;114.6861;97.02554;1.360892;20.70886;-0.001280648
/home/mkhuthir/RoboND-Rover-Project/rec1_dataset/IMG/robocam_2018_01_14_20_34_42_553.jpg;0;1;0;4.944025;114.9642;97.12934;1.32524;20.67642;-0.001279402
/home/mkhuthir/RoboND-Rover-Project/rec1_dataset/IMG/robocam_2018_01_14_20_34_42_607.jpg;0;1;0;4.977879;115.1509;97.19894;1.311975;20.65511;-0.001283718
/home/mkhuthir/RoboND-Rover-Project/rec1_dataset/IMG/robocam_2018_01_14_20_34_42_662.jpg;0;1;0;5.011712;115.4325;97.30384;1.30614;20.62272;-0.001299781
/home/mkhuthir/RoboND-Rover-Project/rec1_dataset/IMG/robocam_2018_01_14_20_34_42_716.jpg;0;1;0;5.011415;115.7147;97.40878;1.317701;20.59397;-0.001422229
/home/mkhuthir/RoboND-Rover-Project/rec1_dataset/IMG/robocam_2018_01_14_20_34_42_772.jpg;0;1;0;5.01105;115.9972;97.51368;1.345106;20.55076;-0.00104536
/home/mkhuthir/RoboND-Rover-Project/rec1_dataset/IMG/robocam_2018_01_14_20_34_42_827.jpg;0;1;0;5.008923;116.1858;97.58356;1.370034;20.51505;-0.0005575134
/home/mkhuthir/RoboND-Rover-Project/rec1_dataset/IMG/robocam_2018_01_14_20_34_42_881.jpg;0;1;0;5.021132;116.4683;97.68811;1.40773;20.62296;-0.005523768
/home/mkhuthir/RoboND-Rover-Project/rec1_dataset/IMG/robocam_2018_01_14_20_34_42_936.jpg;0;1;0;5.016789;116.7513;97.79301;1.457372;20.59989;-0.001478627
/home/mkhuthir/RoboND-Rover-Project/rec1_dataset/IMG/robocam_2018_01_14_20_34_43_016.jpg;0;1;0;5.016453;117.1286;97.9327;1.526716;20.58066;-0.00279614
/home/mkhuthir/RoboND-Rover-Project/rec1_dataset/IMG/robocam_2018_01_14_20_34_43_071.jpg;1.112398;1;0;5.012331;117.4088;98.03652;1.435551;20.64252;-0.003096435
/home/mkhuthir/RoboND-Rover-Project/rec1_dataset/IMG/robocam_2018_01_14_20_34_43_124.jpg;3.511891;1;0;5.004809;117.5961;98.10663;1.404688;20.74172;-0.001206318
/home/mkhuthir/RoboND-Rover-Project/rec1_dataset/IMG/robocam_2018_01_14_20_34_43_181.jpg;5.925011;1;0;5.014365;117.8763;98.21425;1.3678;21.17468;0.03580322
/home/mkhuthir/RoboND-Rover-Project/rec1_dataset/IMG/robocam_2018_01_14_20_34_43_233.jpg;8.353343;1;0;5.01853;118.1549;98.32594;1.331802;21.99577;0.1399855
/home/mkhuthir/RoboND-Rover-Project/rec1_dataset/IMG/robocam_2018_01_14_20_34_43_293.jpg;11.13188;1;0;5.015442;118.4307;98.44156;1.232579;23.20664;0.2641016
/home/mkhuthir/RoboND-Rover-Project/rec1_dataset/IMG/robocam_2018_01_14_20_34_43_344.jpg;13.28278;1;0;5.000231;118.6123;98.52166;1.097063;24.30284;0.3436582
/home/mkhuthir/RoboND-Rover-Project/rec1_dataset/IMG/robocam_2018_01_14_20_34_43_398.jpg;15;1;0;4.977655;118.8782;98.64841;0.8185673;26.30954;0.5587064
/home/mkhuthir/RoboND-Rover-Project/rec1_dataset/IMG/robocam_2018_01_14_20_34_43_452.jpg;15;1;0;5.0091;119.1393;98.78295;0.4602855;28.35827;0.8383703
/home/mkhuthir/RoboND-Rover-Project/rec1_dataset/IMG/robocam_2018_01_14_20_34_43_506.jpg;15;1;0;5.014142;119.3101;98.87741;0.182787;29.78052;1.068014
/home/mkhuthir/RoboND-Rover-Project/rec1_dataset/IMG/robocam_2018_01_14_20_34_43_566.jpg;15;1;0;5.007015;119.5639;99.02496;359.8444;31.77157;1.371692
/home/mkhuthir/RoboND-Rover-Project/rec1_dataset/IMG/robocam_2018_01_14_20_34_43_618.jpg;15;1;0;5.000898;119.8198;99.179;359.8121;33.52536;1.415678
/home/mkhuthir/RoboND-Rover-Project/rec1_dataset/IMG/robocam_2018_01_14_20_34_43_674.jpg;15;1;0;5.000746;120.0737;99.34206;359.9508;35.25109;1.373179
/home/mkhuthir/RoboND-Rover-Project/rec1_dataset/IMG/robocam_2018_01_14_20_34_43_731.jpg;15;1;0;5.001383;120.3231;99.51411;0.1023454;37.16114;1.208222
/home/mkhuthir/RoboND-Rover-Project/rec1_dataset/IMG/robocam_2018_01_14_20_34_43_786.jpg;15;1;0;5.006228;120.4835;99.63416;0.1379297;38.68151;1.156861
/home/mkhuthir/RoboND-Rover-Project/rec1_dataset/IMG/robocam_2018_01_14_20_34_43_843.jpg;15;1;0;5.005705;120.7152;99.82091;0.02529214;41.0689;1.143775
/home/mkhuthir/RoboND-Rover-Project/rec1_dataset/IMG/robocam_2018_01_14_20_34_43_899.jpg;13.72506;1;0;5.009645;120.9386;100.0184;359.9366;43.29416;1.244141
/home/mkhuthir/RoboND-Rover-Project/rec1_dataset/IMG/robocam_2018_01_14_20_34_43_956.jpg;11.15377;1;0;5.014517;121.1581;100.2251;0.02660028;45.10425;1.318227
/home/mkhuthir/RoboND-Rover-Project/rec1_dataset/IMG/robocam_2018_01_14_20_34_44_018.jpg;8.577065;1;0;5.004552;121.3723;100.4339;359.9933;46.51384;1.237184
/home/mkhuthir/RoboND-Rover-Project/rec1_dataset/IMG/robocam_2018_01_14_20_34_44_104.jpg;5.690578;1;0;5.02912;121.6513;100.7232;0.06518836;48.07812;1.059432
/home/mkhuthir/RoboND-Rover-Project/rec1_dataset/IMG/robocam_2018_01_14_20_34_44_166.jpg;1.714697;1;0;5.011607;121.8534;100.9461;0.09163725;48.84909;1.034033
/home/mkhuthir/RoboND-Rover-Project/rec1_dataset/IMG/robocam_2018_01_14_20_34_44_226.jpg;0.4342639;1;0;5.011676;122.053;101.171;0.1006378;49.22945;1.002266
/home/mkhuthir/RoboND-Rover-Project/rec1_dataset/IMG/robocam_2018_01_14_20_34_44_285.jpg;0;1;0;5.011651;122.2513;101.3976;0.1218057;49.38238;0.9626453
/home/mkhuthir/RoboND-Rover-Project/rec1_dataset/IMG/robocam_2018_01_14_20_34_44_342.jpg;0;1;0;5.012097;122.4488;101.6255;0.1717715;49.43756;0.9103929
/home/mkhuthir/RoboND-Rover-Project/rec1_dataset/IMG/robocam_2018_01_14_20_34_44_401.jpg;0;1;0;5.005602;122.6463;101.855;0.2878154;49.45951;0.8627318
/home/mkhuthir/RoboND-Rover-Project/rec1_dataset/IMG/robocam_2018_01_14_20_34_44_457.jpg;0;1;0;5.005681;122.8438;102.0844;0.4082783;49.45584;0.7696918
/home/mkhuthir/RoboND-Rover-Project/rec1_dataset/IMG/robocam_2018_01_14_20_34_44_517.jpg;0;1;0;5.017108;123.0417;102.3144;0.55755;49.45449;0.6574842
/home/mkhuthir/RoboND-Rover-Project/rec1_dataset/IMG/robocam_2018_01_14_20_34_44_566.jpg;0;1;0;5.01676;123.1736;102.4677;0.6592907;49.44774;0.5669174
/home/mkhuthir/RoboND-Rover-Project/rec1_dataset/IMG/robocam_2018_01_14_20_34_44_621.jpg;0;1;0;5.014332;123.3716;102.6979;0.8254657;49.42685;0.4251813
/home/mkhuthir/RoboND-Rover-Project/rec1_dataset/IMG/robocam_2018_01_14_20_34_44_664.jpg;0;1;0;5.0144;123.5037;102.8515;0.9489276;49.41059;0.3286824
/home/mkhuthir/RoboND-Rover-Project/rec1_dataset/IMG/robocam_2018_01_14_20_34_44_720.jpg;0;1;0;5.00678;123.7024;103.0821;1.151535;49.38429;0.1824059
/home/mkhuthir/RoboND-Rover-Project/rec1_dataset/IMG/robocam_2018_01_14_20_34_44_776.jpg;0;1;0;5.026015;123.9009;103.3122;1.347095;49.32552;0.03349258
/home/mkhuthir/RoboND-Rover-Project/rec1_dataset/IMG/robocam_2018_01_14_20_34_44_831.jpg;0;1;0;5.013952;124.0984;103.5433;1.526598;49.33131;359.993
/home/mkhuthir/RoboND-Rover-Project/rec1_dataset/IMG/robocam_2018_01_14_20_34_44_886.jpg;0;1;0;5.01006;124.2281;103.6954;1.491946;49.32657;359.9924
/home/mkhuthir/RoboND-Rover-Project/rec1_dataset/IMG/robocam_2018_01_14_20_34_44_941.jpg;-1.298704;1;0;4.931495;124.4224;103.9216;1.399478;49.29068;-0.002536731
/home/mkhuthir/RoboND-Rover-Project/rec1_dataset/IMG/robocam_2018_01_14_20_34_44_999.jpg;-3.72546;1;0;5.006507;124.6193;104.1479;1.352657;49.04373;-0.001978905
/home/mkhuthir/RoboND-Rover-Project/rec1_dataset/IMG/robocam_2018_01_14_20_34_45_053.jpg;-6.223101;1;0;5.012288;124.8184;104.3728;1.326789;48.47962;-0.001712595
/home/mkhuthir/RoboND-Rover-Project/rec1_dataset/IMG/robocam_2018_01_14_20_34_45_107.jpg;-8.751469;1;0;5.009811;124.9528;104.5215;1.318462;47.91644;359.9817
/home/mkhuthir/RoboND-Rover-Project/rec1_dataset/IMG/robocam_2018_01_14_20_34_45_166.jpg;-11.19016;1;0;5.014433;125.1582;104.7408;1.304966;46.82067;359.8594
/home/mkhuthir/RoboND-Rover-Project/rec1_dataset/IMG/robocam_2018_01_14_20_34_45_217.jpg;-12.58362;1;0;5.007808;125.3666;104.9544;1.217648;44.94993;359.6957
/home/mkhuthir/RoboND-Rover-Project/rec1_dataset/IMG/robocam_2018_01_14_20_34_45_274.jpg;-15;1;0;5.006715;125.5783;105.1608;0.9624259;42.92799;359.5469
/home/mkhuthir/RoboND-Rover-Project/rec1_dataset/IMG/robocam_2018_01_14_20_34_45_327.jpg;-15;1;0;5.013559;125.7234;105.2931;0.7401649;41.49601;359.3737
/home/mkhuthir/RoboND-Rover-Project/rec1_dataset/IMG/robocam_2018_01_14_20_34_45_380.jpg;-15;1;0;5.008752;125.9456;105.4839;0.3338333;39.33204;359.0454
/home/mkhuthir/RoboND-Rover-Project/rec1_dataset/IMG/robocam_2018_01_14_20_34_45_433.jpg;-15;1;0;5.006177;126.1735;105.6669;359.9109;37.23359;358.6989
/home/mkhuthir/RoboND-Rover-Project/rec1_dataset/IMG/robocam_2018_01_14_20_34_45_486.jpg;-15;1;0;5.00757;126.3292;105.7881;359.7858;36.00883;358.5662
/home/mkhuthir/RoboND-Rover-Project/rec1_dataset/IMG/robocam_2018_01_14_20_34_45_544.jpg;-15;1;0;5.000343;126.5688;105.9668;359.7714;34.27986;358.476
/home/mkhuthir/RoboND-Rover-Project/rec1_dataset/IMG/robocam_2018_01_14_20_34_45_598.jpg;-15;1;0;5.000746;126.8165;106.1418;-0.001800075;32.57079;358.5703
/home/mkhuthir/RoboND-Rover-Project/rec1_dataset/IMG/robocam_2018_01_14_20_34_45_651.jpg;-15;1;0;5.000941;127.0688;106.3079;0.1314029;30.57038;358.7624
/home/mkhuthir/RoboND-Rover-Project/rec1_dataset/IMG/robocam_2018_01_14_20_34_45_704.jpg;-15;1;0;5.002847;127.2388;106.4122;0.1083813;29.12263;358.9067
/home/mkhuthir/RoboND-Rover-Project/rec1_dataset/IMG/robocam_2018_01_14_20_34_45_757.jpg;-15;1;0;5.013915;127.502;106.5546;0.05025494;26.61382;358.8674
/home/mkhuthir/RoboND-Rover-Project/rec1_dataset/IMG/robocam_2018_01_14_20_34_45_815.jpg;-15;1;0;5.008562;127.7701;106.6861;0.0008441687;24.39931;358.7415
/home/mkhuthir/RoboND-Rover-Project/rec1_dataset/IMG/robocam_2018_01_14_20_34_45_864.jpg;-15;1;0;5.015993;127.9521;106.7686;0.001696021;23.00577;358.6639
/home/mkhuthir/RoboND-Rover-Project/rec1_dataset/IMG/robocam_2018_01_14_20_34_45_916.jpg;-15;1;0;5.003154;128.227;106.8879;0.01365451;21.13677;358.6906
/home/mkhuthir/RoboND-Rover-Project/rec1_dataset/IMG/robocam_2018_01_14_20_34_45_968.jpg;-15;1;0;5.002506;128.4117;106.9636;0.01372553;19.96397;358.798
/home/mkhuthir/RoboND-Rover-Project/rec1_dataset/IMG/robocam_2018_01_14_20_34_46_024.jpg;-15;1;0;5.039315;128.694;107.0667;0.02637483;17.92383;358.8974
/home/mkhuthir/RoboND-Rover-Project/rec1_dataset/IMG/robocam_2018_01_14_20_34_46_076.jpg;-15;1;0;5.0089;128.98;107.155;-0.000573896;15.78564;358.8028
/home/mkhuthir/RoboND-Rover-Project/rec1_dataset/IMG/robocam_2018_01_14_20_34_46_127.jpg;-15;1;0;5.00753;129.1719;107.21;-0.003967966;14.46258;358.7949
/home/mkhuthir/RoboND-Rover-Project/rec1_dataset/IMG/robocam_2018_01_14_20_34_46_179.jpg;-15;1;0;5.013988;129.4624;107.2856;0.01074645;12.46637;358.8526
/home/mkhuthir/RoboND-Rover-Project/rec1_dataset/IMG/robocam_2018_01_14_20_34_46_230.jpg;-15;0.9264553;0;5.008863;129.7554;107.3482;0.007898154;10.39678;358.808
/home/mkhuthir/RoboND-Rover-Project/rec1_dataset/IMG/robocam_2018_01_14_20_34_46_280.jpg;-15;0.774457;0;5.005877;129.9515;107.3853;0.002187048;9.054108;358.8167
/home/mkhuthir/RoboND-Rover-Project/rec1_dataset/IMG/robocam_2018_01_14_20_34_46_331.jpg;-15;0.6208601;0;5.007744;130.2476;107.4318;0.0147673;7.000153;358.8241
/home/mkhuthir/RoboND-Rover-Project/rec1_dataset/IMG/robocam_2018_01_14_20_34_46_381.jpg;-15;0.4728551;0;5.000562;130.4456;107.4566;0.01342234;5.62822;358.8152
/home/mkhuthir/RoboND-Rover-Project/rec1_dataset/IMG/robocam_2018_01_14_20_34_46_431.jpg;-15;0.3193305;0;4.998231;130.743;107.4856;-0.001236744;3.627968;358.8247
/home/mkhuthir/RoboND-Rover-Project/rec1_dataset/IMG/robocam_2018_01_14_20_34_46_481.jpg;-15;0.171721;0;4.989618;130.9416;107.4987;0.004691273;2.287132;358.8076
/home/mkhuthir/RoboND-Rover-Project/rec1_dataset/IMG/robocam_2018_01_14_20_34_46_529.jpg;-15;0.02424741;0;4.975335;131.2386;107.5089;359.9877;0.2877884;358.7714
/home/mkhuthir/RoboND-Rover-Project/rec1_dataset/IMG/robocam_2018_01_14_20_34_46_579.jpg;-15;0;0;4.960545;131.4365;107.5106;0.007790685;358.9647;358.7676
/home/mkhuthir/RoboND-Rover-Project/rec1_dataset/IMG/robocam_2018_01_14_20_34_46_630.jpg;-15;0;0;4.937074;131.7309;107.503;359.9843;356.9916;358.6887
/home/mkhuthir/RoboND-Rover-Project/rec1_dataset/IMG/robocam_2018_01_14_20_34_46_680.jpg;-15;0;0;4.914573;131.9263;107.4942;359.9663;355.6565;358.6995
/home/mkhuthir/RoboND-Rover-Project/rec1_dataset/IMG/robocam_2018_01_14_20_34_46_731.jpg;-15;0;0;4.891251;132.2185;107.4708;0.02014933;353.7608;358.6913
/home/mkhuthir/RoboND-Rover-Project/rec1_dataset/IMG/robocam_2018_01_14_20_34_46_781.jpg;-15;0;0;4.866946;132.4109;107.4507;359.9895;352.4436;358.7156
/home/mkhuthir/RoboND-Rover-Project/rec1_dataset/IMG/robocam_2018_01_14_20_34_46_831.jpg;-15;0;0;4.856009;132.6983;107.4113;0.01065872;350.452;358.7264
/home/mkhuthir/RoboND-Rover-Project/rec1_dataset/IMG/robocam_2018_01_14_20_34_46_881.jpg;-15;0;0;4.818725;132.8872;107.3788;359.9843;349.1376;358.7093
/home/mkhuthir/RoboND-Rover-Project/rec1_dataset/IMG/robocam_2018_01_14_20_34_46_931.jpg;-15;0;0;4.809764;133.1692;107.3238;359.9874;347.1438;358.7596
/home/mkhuthir/RoboND-Rover-Project/rec1_dataset/IMG/robocam_2018_01_14_20_34_46_980.jpg;-15;0;0;4.780501;133.3551;107.2802;0.0154778;345.8157;358.7318
/home/mkhuthir/RoboND-Rover-Project/rec1_dataset/IMG/robocam_2018_01_14_20_34_47_031.jpg;-15;0;0;4.76283;133.6306;107.2093;0.004609204;343.7674;358.7609
/home/mkhuthir/RoboND-Rover-Project/rec1_dataset/IMG/robocam_2018_01_14_20_34_47_082.jpg;-15;0;0;4.733828;133.8114;107.1562;359.9846;342.4395;358.7753
/home/mkhuthir/RoboND-Rover-Project/rec1_dataset/IMG/robocam_2018_01_14_20_34_47_131.jpg;-15;0;0;4.72455;134.0801;107.07;359.9907;340.4165;358.8539
/home/mkhuthir/RoboND-Rover-Project/rec1_dataset/IMG/robocam_2018_01_14_20_34_47_180.jpg;-15;0;0;4.693373;134.2558;107.0048;0.01381982;339.075;358.7931
/home/mkhuthir/RoboND-Rover-Project/rec1_dataset/IMG/robocam_2018_01_14_20_34_47_230.jpg;-15;0;0;4.678391;134.5161;106.9028;0.004156757;336.9982;358.7913
/home/mkhuthir/RoboND-Rover-Project/rec1_dataset/IMG/robocam_2018_01_14_20_34_47_279.jpg;-15;0;0;4.650105;134.686;106.8296;359.9849;335.6512;358.7886
/home/mkhuthir/RoboND-Rover-Project/rec1_dataset/IMG/robocam_2018_01_14_20_34_47_328.jpg;-15;0;0;4.640007;134.8545;106.7538;359.9719;334.2924;358.8275
/home/mkhuthir/RoboND-Rover-Project/rec1_dataset/IMG/robocam_2018_01_14_20_34_47_378.jpg;-15;0;0;4.611409;135.1017;106.6297;0.01630718;332.282;358.7764
/home/mkhuthir/RoboND-Rover-Project/rec1_dataset/IMG/robocam_2018_01_14_20_34_47_428.jpg;-15;0;0;4.595685;135.2632;106.5439;-0.003276623;330.9055;358.7718
/home/mkhuthir/RoboND-Rover-Project/rec1_dataset/IMG/robocam_2018_01_14_20_34_47_478.jpg;-15;0;0;4.567704;135.5007;106.4085;359.9892;328.8339;358.778
/home/mkhuthir/RoboND-Rover-Project/rec1_dataset/IMG/robocam_2018_01_14_20_34_47_527.jpg;-13.95101;0;0;4.558481;135.6565;106.3149;359.9857;327.4433;358.8336
/home/mkhuthir/RoboND-Rover-Project/rec1_dataset/IMG/robocam_2018_01_14_20_34_47_577.jpg;-11.68089;0;0;4.529633;135.8833;106.1663;359.9896;325.5949;358.8346
/home/mkhuthir/RoboND-Rover-Project/rec1_dataset/IMG/robocam_2018_01_14_20_34_47_626.jpg;-9.464285;0;0;4.517594;136.0314;106.0635;0.0002633358;324.5135;358.8127
/home/mkhuthir/RoboND-Rover-Project/rec1_dataset/IMG/robocam_2018_01_14_20_34_47_677.jpg;-7.237687;0;0;4.49621;136.2497;105.9062;359.9819;323.1342;358.806
/home/mkhuthir/RoboND-Rover-Project/rec1_dataset/IMG/robocam_2018_01_14_20_34_47_726.jpg;-4.966393;0;0;4.487665;136.3936;105.8;359.9629;322.4251;358.87
/home/mkhuthir/RoboND-Rover-Project/rec1_dataset/IMG/robocam_2018_01_14_20_34_47_777.jpg;-2.736382;0;0;4.468542;136.6063;105.6369;359.9708;321.7219;358.939
/home/mkhuthir/RoboND-Rover-Project/rec1_dataset/IMG/robocam_2018_01_14_20_34_47_826.jpg;-0.429318;0;0;4.457958;136.7464;105.527;359.9695;321.4419;358.9607
/home/mkhuthir/RoboND-Rover-Project/rec1_dataset/IMG/robocam_2018_01_14_20_34_47_875.jpg;0;0;0;4.442437;136.9553;105.3618;359.9575;321.2647;358.9997
/home/mkhuthir/RoboND-Rover-Project/rec1_dataset/IMG/robocam_2018_01_14_20_34_47_924.jpg;0;0;0;4.432388;137.0937;105.2516;359.9432;321.2225;359.0328
/home/mkhuthir/RoboND-Rover-Project/rec1_dataset/IMG/robocam_2018_01_14_20_34_47_973.jpg;0;0;0;4.422399;137.3004;105.0866;359.911;321.2012;359.0953
/home/mkhuthir/RoboND-Rover-Project/rec1_dataset/IMG/robocam_2018_01_14_20_34_48_020.jpg;0;0;0;4.407445;137.4375;104.9768;359.8782;321.196;359.1404
/home/mkhuthir/RoboND-Rover-Project/rec1_dataset/IMG/robocam_2018_01_14_20_34_48_068.jpg;0;0;0;4.39762;137.5743;104.8673;359.8448;321.1974;359.1985
/home/mkhuthir/RoboND-Rover-Project/rec1_dataset/IMG/robocam_2018_01_14_20_34_48_116.jpg;0;0;0;4.382769;137.7787;104.7035;359.785;321.2012;359.2953
/home/mkhuthir/RoboND-Rover-Project/rec1_dataset/IMG/robocam_2018_01_14_20_34_48_163.jpg;0;0;0;4.372846;137.9144;104.5946;359.7379;321.2023;359.3624
/home/mkhuthir/RoboND-Rover-Project/rec1_dataset/IMG/robocam_2018_01_14_20_34_48_212.jpg;0;0;0;4.363091;138.1174;104.4318;359.6683;321.2085;359.479
/home/mkhuthir/RoboND-Rover-Project/rec1_dataset/IMG/robocam_2018_01_14_20_34_48_259.jpg;0;0;0;4.34812;138.2523;104.3235;359.618;321.2106;359.5566
/home/mkhuthir/RoboND-Rover-Project/rec1_dataset/IMG/robocam_2018_01_14_20_34_48_310.jpg;0;0;0;4.338373;138.4538;104.1615;359.5345;321.211;359.6696
/home/mkhuthir/RoboND-Rover-Project/rec1_dataset/IMG/robocam_2018_01_14_20_34_48_357.jpg;0;0;0.144531;4.320942;138.5876;104.0542;359.4767;321.2172;359.7567
/home/mkhuthir/RoboND-Rover-Project/rec1_dataset/IMG/robocam_2018_01_14_20_34_48_403.jpg;0;0;0.2856209;4.290771;138.7199;103.948;359.3893;321.2236;359.8444
/home/mkhuthir/RoboND-Rover-Project/rec1_dataset/IMG/robocam_2018_01_14_20_34_48_451.jpg;0;0;0.4266057;4.242157;138.9134;103.7924;359.1409;321.2277;359.9637
/home/mkhuthir/RoboND-Rover-Project/rec1_dataset/IMG/robocam_2018_01_14_20_34_48_499.jpg;0;0;0.5756156;4.140775;139.0394;103.692;358.926;321.2595;0.08592984
/home/mkhuthir/RoboND-Rover-Project/rec1_dataset/IMG/robocam_2018_01_14_20_34_48_546.jpg;0;0;0.7190487;4.054646;139.1616;103.5925;358.6993;321.2628;0.1089406
/home/mkhuthir/RoboND-Rover-Project/rec1_dataset/IMG/robocam_2018_01_14_20_34_48_596.jpg;0;0;0.8673956;3.930012;139.3409;103.4445;358.4682;321.3329;0.01649226
/home/mkhuthir/RoboND-Rover-Project/rec1_dataset/IMG/robocam_2018_01_14_20_34_48_644.jpg;0;0;1;3.863428;139.4598;103.3483;358.4312;321.2991;359.9836
/home/mkhuthir/RoboND-Rover-Project/rec1_dataset/IMG/robocam_2018_01_14_20_34_48_691.jpg;0;0;1;3.782645;139.636;103.2069;358.5175;321.2841;359.9928
/home/mkhuthir/RoboND-Rover-Project/rec1_dataset/IMG/robocam_2018_01_14_20_34_48_737.jpg;0;0;1;3.663055;139.7514;103.114;358.6502;321.2676;359.9858
/home/mkhuthir/RoboND-Rover-Project/rec1_dataset/IMG/robocam_2018_01_14_20_34_48_783.jpg;0;0;1;3.524401;139.8623;103.0254;358.7497;321.2655;0.004770102
/home/mkhuthir/RoboND-Rover-Project/rec1_dataset/IMG/robocam_2018_01_14_20_34_48_830.jpg;0;0;1;3.321147;140.0182;102.8998;358.7245;321.3082;-0.002791731
/home/mkhuthir/RoboND-Rover-Project/rec1_dataset/IMG/robocam_2018_01_14_20_34_48_877.jpg;0;0;1;3.226621;140.1158;102.8213;358.6227;321.3113;359.9922
/home/mkhuthir/RoboND-Rover-Project/rec1_dataset/IMG/robocam_2018_01_14_20_34_48_927.jpg;0;0;1;3.092753;140.2098;102.7464;358.4666;321.3357;0.01889032
/home/mkhuthir/RoboND-Rover-Project/rec1_dataset/IMG/robocam_2018_01_14_20_34_48_971.jpg;0;0;1;2.999747;140.3477;102.6355;358.4208;321.4547;0.01060528
/home/mkhuthir/RoboND-Rover-Project/rec1_dataset/IMG/robocam_2018_01_14_20_34_49_016.jpg;0;0;1;2.881485;140.4384;102.5627;358.5245;321.4927;-0.0006743313
/home/mkhuthir/RoboND-Rover-Project/rec1_dataset/IMG/robocam_2018_01_14_20_34_49_062.jpg;0;0;1;2.80787;140.5257;102.4929;358.6121;321.5133;359.9931
/home/mkhuthir/RoboND-Rover-Project/rec1_dataset/IMG/robocam_2018_01_14_20_34_49_108.jpg;0;0;1;2.673008;140.6093;102.4265;358.6477;321.5372;0.01306082
/home/mkhuthir/RoboND-Rover-Project/rec1_dataset/IMG/robocam_2018_01_14_20_34_49_154.jpg;0;0;1;2.494761;140.7264;102.3326;358.6805;321.5448;-0.004155724
/home/mkhuthir/RoboND-Rover-Project/rec1_dataset/IMG/robocam_2018_01_14_20_34_49_199.jpg;0;0;1;2.417033;140.8016;102.2727;358.7337;321.5366;-0.005316573
/home/mkhuthir/RoboND-Rover-Project/rec1_dataset/IMG/robocam_2018_01_14_20_34_49_245.jpg;0;0;1;2.307402;140.8728;102.216;358.7571;321.5292;-0.004020459
/home/mkhuthir/RoboND-Rover-Project/rec1_dataset/IMG/robocam_2018_01_14_20_34_49_295.jpg;0;0;1;2.18653;140.9715;102.1374;358.7056;321.5215;-0.001757354
/home/mkhuthir/RoboND-Rover-Project/rec1_dataset/IMG/robocam_2018_01_14_20_34_49_336.jpg;0;0;1;1.991941;141.0324;102.0888;358.6451;321.5187;-0.001653795
/home/mkhuthir/RoboND-Rover-Project/rec1_dataset/IMG/robocam_2018_01_14_20_34_49_380.jpg;0;0;1;1.908572;141.0917;102.0415;358.6565;321.482;-0.003913707
/home/mkhuthir/RoboND-Rover-Project/rec1_dataset/IMG/robocam_2018_01_14_20_34_49_423.jpg;0;0;1;1.79928;141.1474;101.997;358.6584;321.4666;-0.0004536916
/home/mkhuthir/RoboND-Rover-Project/rec1_dataset/IMG/robocam_2018_01_14_20_34_49_468.jpg;0;0;1;1.689249;141.1995;101.9553;358.65;321.4587;-0.0005221742
/home/mkhuthir/RoboND-Rover-Project/rec1_dataset/IMG/robocam_2018_01_14_20_34_49_512.jpg;0;0;0;1.549644;141.2719;101.8972;358.6568;321.4501;-0.005246012
/home/mkhuthir/RoboND-Rover-Project/rec1_dataset/IMG/robocam_2018_01_14_20_34_49_557.jpg;0;0;0;1.504845;141.3201;101.8586;358.7591;321.4479;-0.003273229
/home/mkhuthir/RoboND-Rover-Project/rec1_dataset/IMG/robocam_2018_01_14_20_34_49_601.jpg;0;0;0;1.491583;141.3687;101.8197;358.9144;321.4451;-0.001390433
/home/mkhuthir/RoboND-Rover-Project/rec1_dataset/IMG/robocam_2018_01_14_20_34_49_645.jpg;0;0;0;1.485417;141.4174;101.7809;359.0775;321.4443;0.002444564
/home/mkhuthir/RoboND-Rover-Project/rec1_dataset/IMG/robocam_2018_01_14_20_34_49_691.jpg;0;0;0;1.481952;141.49;101.7229;359.3122;321.4442;0.008782443
/home/mkhuthir/RoboND-Rover-Project/rec1_dataset/IMG/robocam_2018_01_14_20_34_49_736.jpg;0;0;0;1.476875;141.5382;101.6845;359.4594;321.4443;0.01263843
/home/mkhuthir/RoboND-Rover-Project/rec1_dataset/IMG/robocam_2018_01_14_20_34_49_779.jpg;0;0;0;1.473551;141.5861;101.6463;359.5977;321.4443;0.01614359
/home/mkhuthir/RoboND-Rover-Project/rec1_dataset/IMG/robocam_2018_01_14_20_34_49_823.jpg;0;0;0;1.470273;141.6339;101.6083;359.7259;321.4442;0.01928721
/home/mkhuthir/RoboND-Rover-Project/rec1_dataset/IMG/robocam_2018_01_14_20_34_49_867.jpg;0;0;0;1.467035;141.6813;101.5704;359.843;321.4442;0.0220613
/home/mkhuthir/RoboND-Rover-Project/rec1_dataset/IMG/robocam_2018_01_14_20_34_49_911.jpg;0;0;0;1.462247;141.752;101.5141;-0.003742042;321.4443;0.02552622
/home/mkhuthir/RoboND-Rover-Project/rec1_dataset/IMG/robocam_2018_01_14_20_34_49_959.jpg;0;0;0;1.459093;141.7988;101.4768;0.08292554;321.4442;0.0273747
/home/mkhuthir/RoboND-Rover-Project/rec1_dataset/IMG/robocam_2018_01_14_20_34_50_000.jpg;0;0;0;1.455966;141.8453;101.4397;0.1569225;321.4443;0.02886156
/home/mkhuthir/RoboND-Rover-Project/rec1_dataset/IMG/robocam_2018_01_14_20_34_50_043.jpg;0;0;0;1.452861;141.8916;101.4028;0.2182454;321.4443;0.0299939
/home/mkhuthir/RoboND-Rover-Project/rec1_dataset/IMG/robocam_2018_01_14_20_34_50_111.jpg;0;0;0;1.449773;141.9833;101.3297;0.3037198;321.4443;0.03124491
/home/mkhuthir/RoboND-Rover-Project/rec1_dataset/IMG/robocam_2018_01_14_20_34_50_156.jpg;0;0;0;1.443636;142.0288;101.2935;0.328672;321.4443;0.03139208
/home/mkhuthir/RoboND-Rover-Project/rec1_dataset/IMG/robocam_2018_01_14_20_34_50_200.jpg;0;0;0;1.440578;142.074;101.2574;0.3425195;321.4443;0.03124482
/home/mkhuthir/RoboND-Rover-Project/rec1_dataset/IMG/robocam_2018_01_14_20_34_50_243.jpg;0;0;0;1.439052;142.119;101.2215;0.3459614;321.4443;0.03082183
/home/mkhuthir/RoboND-Rover-Project/rec1_dataset/IMG/robocam_2018_01_14_20_34_50_289.jpg;0;0;0;1.432945;142.186;101.1681;0.3333555;321.4443;0.02971444
/home/mkhuthir/RoboND-Rover-Project/rec1_dataset/IMG/robocam_2018_01_14_20_34_50_333.jpg;0;0;0;1.429888;142.2305;101.1327;0.3143755;321.4444;0.02869348
/home/mkhuthir/RoboND-Rover-Project/rec1_dataset/IMG/robocam_2018_01_14_20_34_50_375.jpg;0;0;0;1.428358;142.2747;101.0974;0.2880135;321.4444;0.02747282
/home/mkhuthir/RoboND-Rover-Project/rec1_dataset/IMG/robocam_2018_01_14_20_34_50_422.jpg;0;0;0;1.423757;142.3188;101.0623;0.2552257;321.4444;0.02607553
/home/mkhuthir/RoboND-Rover-Project/rec1_dataset/IMG/robocam_2018_01_14_20_34_50_464.jpg;0;0;0;1.42068;142.3627;101.0273;0.2169808;321.4444;0.02452548
/home/mkhuthir/RoboND-Rover-Project/rec1_dataset/IMG/robocam_2018_01_14_20_34_50_506.jpg;0;0;0;1.417594;142.4064;100.9924;0.1742497;321.4444;0.02284615
/home/mkhuthir/RoboND-Rover-Project/rec1_dataset/IMG/robocam_2018_01_14_20_34_50_549.jpg;0;0;0;1.414497;142.45;100.9577;0.1279809;321.4445;0.02106019
/home/mkhuthir/RoboND-Rover-Project/rec1_dataset/IMG/robocam_2018_01_14_20_34_50_591.jpg;0;0;0;1.41139;142.5151;100.9058;0.05396749;321.4445;0.01823093
/home/mkhuthir/RoboND-Rover-Project/rec1_dataset/IMG/robocam_2018_01_14_20_34_50_633.jpg;0;0;0;1.406709;142.5584;100.8713;0.002827412;321.4445;0.01627745
/home/mkhuthir/RoboND-Rover-Project/rec1_dataset/IMG/robocam_2018_01_14_20_34_50_677.jpg;0;0;0;1.403575;142.6016;100.8369;359.9512;321.4445;0.01429546
/home/mkhuthir/RoboND-Rover-Project/rec1_dataset/IMG/robocam_2018_01_14_20_34_50_742.jpg;0;0;0;1.400432;142.6662;100.7854;359.8745;321.4445;0.01130956
/home/mkhuthir/RoboND-Rover-Project/rec1_dataset/IMG/robocam_2018_01_14_20_34_50_787.jpg;0;0;0;1.394116;142.7092;100.7512;359.8249;321.4445;0.009338226
/home/mkhuthir/RoboND-Rover-Project/rec1_dataset/IMG/robocam_2018_01_14_20_34_50_829.jpg;0;0;0;1.392532;142.7735;100.6999;359.7541;321.4445;0.006452
